{
  "version": "2024.2",
  "applications": [],
  "platforms": [
    {
      "name": "soc_pmod"
    }
  ],
  "systems": [
    {
      "name": "pmod_control_system",
      "platform": "C:/repo/SoC_Test/test3_led_pmod/vitis_proj/soc_pmod/export/soc_pmod/soc_pmod.xpfm",
      "sysConfig": "soc_pmod",
      "buildConfig": "Debug",
      "applications": [
        {
          "name": "pmod_control",
          "platform": "C:/repo/SoC_Test/test3_led_pmod/vitis_proj/soc_pmod/export/soc_pmod/soc_pmod.xpfm",
          "platformPath": "C:\\repo\\SoC_Test\\test3_led_pmod\\vitis_proj\\soc_pmod\\export\\soc_pmod",
          "sysConfig": "soc_pmod",
          "domain": "standalone_domain",
          "system": "pmod_control_system"
        }
      ],
      "platformPath": "C:\\repo\\SoC_Test\\test3_led_pmod\\vitis_proj\\soc_pmod\\export\\soc_pmod"
    }
  ],
  "others": []
}